Silhouette,Calinski,Davies,ARI,NMI,Purity
0.2201571762561798,237.050216472542,1.316729728972599,0.11436037115816443,0.2200287021945882,0.3263263263263263
