Silhouette,Calinski,Davies,ARI,NMI,Purity
0.34979450702667236,972.8577581892536,0.8513128632510429,0.12768885172066685,0.24051605831399547,0.34934934934934936
