Silhouette,Calinski,Davies,ARI,NMI,Purity
0.5454503297805786,11369.127579189953,0.5198037774262938,0.08537181434922081,0.18808751244006364,0.2822822822822823
