Silhouette,Calinski,Davies,ARI,NMI,Purity
0.07191251963376999,90.9295950159889,2.3528436020662755,0.13734723159548345,0.257554283504308,0.36536536536536535
